1,GxC Damascus,SF4-solo
2,NTSC Abdess,SF4-solo
3,Shadow San,SF4-solo
4,Sonic San,SF4-solo
5,Onigiri,SF4-solo
6,GabDeLioncourt,SF4-solo
7,RaGe Lachome,SF4-solo
8,N.A RaGe Solidjin,SF4-solo
9,LaDOSE Kiouze,SF4-solo
10,StarNab,SF4-solo
11,NTSC Kenshiro,SF4-solo
12,Vsftv Dhrus,SF4-solo
13,khao,SF4-solo
14,Oras,SF4-solo
15,Tbaggi,SF4-solo
16,Shins,SF4-solo
17,ultrayox,SF4-solo
18,FRugANZy,SF4-solo
19,Sof | Yen,SF4-solo
20,RnK Werrio,SF4-solo
21,GerardPerfect,SF4-solo
22,BeatBy38 | Ako,SF4-solo
23,Malé,SF4-solo
24,GL Zeir0w,SF4-solo
25,Pendrago,SF4-solo
26,Neo Arcadia Mr Joker,SF4-solo
27,MaD Starlette,SF4-solo
28,Binlard,SF4-solo
29,Bipbop,SF4-solo
30,LaDOSE Richiro,SF4-solo
31,HollyBull,SF4-solo
32,JohnnyZizou,SF4-solo
33,Ninjardin,SF4-solo
34,TSS Atma,SF4-solo
35,Chymer,SF4-solo
36,Catapulte,SF4-solo
37,CentaureBidet,SF4-solo
38,Daochen,SF4-solo
39,James,SF4-solo
40,Aisu,SF4-solo
41,GankutsuLL,SF4-solo
42,FFC So13,SF4-solo
43,chobolt,SF4-solo
44,shinoda,SF4-solo
45,KFR Renegad,SF4-solo
46,KFR Perplex,SF4-solo
47,mistermv,SF4-solo
48,Flouzzz,SF4-solo
49,HT FamousFlo,SF4-solo
50,HT SeiyaSeiKen,SF4-solo
51,Hynkel,SF4-solo
52,CDV.MCZ.Will2Pac,SF4-solo
53,Wyldus,SF4-solo
54,Yapa,SF4-solo
55,Kazend,SF4-solo
56,KintoKi69,SF4-solo
57,Gummer,SF4-solo
58,Opok,SF4-solo
59,Taunter,SF4-solo
60,zgladiator,SF4-solo
61,NWA54,SF4-solo
62,zchipp974,SF4-solo
63,gits23,SF4-solo
64,AssertTrue,SF4-solo
65,A-LX,SF4-solo
66,Bobby,SF4-solo
67,Arq,SF4-solo
68,VF_Watson,SF4-solo
69,GAZiDAKUN,SF4-solo
70,loopiz,SF4-solo
71,RaGe Madjestik,SF4-solo
72,Heiwa,SF4-solo
73,AoF dkenshiro68,SF4-solo
74,Carter,SF4-solo
75,EsseX The Sinner,SF4-solo
76,Dante Liquid,SF4-solo
77,Fureur Saunic,SF4-solo
78,Fureur Valmaster,SF4-solo
79,Fureur Adone,SF4-solo
80,Fureur Gagapa,SF4-solo
81,OST PolSka,SF4-solo
82,SethGravijah,SF4-solo
83,sjm jim,SF4-solo
84,venven,SF4-solo
85,Mwsman,SF4-solo
86,Gabou,SF4-solo
87,magness,SF4-solo
88,lordDVD,SF4-solo
89,Maskyme,SF4-solo
90,smoker sama,SF4-solo
91,Twif.tv,SF4-solo
92,Raox,SF4-solo
93,Kira,SF4-solo
94,Liking,SF4-solo
95,Mister H,SF4-solo
96,Cuongster,SF4-solo
97,ApolloGrooves,SF4-solo
98,Daoud,SF4-solo
99,Ryan Hart,SF4-solo
100,MD Mr Viril,SF4-solo
101,MD Mr Hot,SF4-solo
102,MD Mr Suave,SF4-solo
103,MD Mr Copain,SF4-solo
104,MD Mr Tendresse,SF4-solo
105,MD Mr Caresse,SF4-solo
106,MD Mr Bonheur,SF4-solo
107,MD Mr Amour,SF4-solo
108,chocolat,SF4-solo
109,FFC Fuhajin,SF4-solo
110,MD - Luffy,SF4-solo
111,stoufa,SF4-solo
112,shintoken,SF4-solo
113,UFC Juni,SF4-solo
114,GuetSo,SF4-solo
115,Dj ph,SF4-solo
116,Gambas,SF4-solo
117,Aymsjack,SF4-solo
118,DrSaucisse,SF4-solo
119,LIOR,SF4-solo
120,CULBLANC,SF4-solo
121,Gweb,SF4-solo
122,Tof,SF4-solo
123,ArF StreetHarder,SF4-solo
124,Soscratch,SF4-solo
125,GxC Rikki,SF4-solo
126,GxC Shield,SF4-solo
127,Piyoko,SF4-solo
128,JB,SF4-solo
129,LS st0uf,SF4-solo
130,Elly,SF4-solo
131,RK,SF4-solo
132,Bat Pateman,SF4-solo
133,Nyöw,SF4-solo
134,RaGe Isoudw,SF4-solo
135,Yamato,SF4-solo
136,Mike,SF4-solo
137,BOUT,SF4-solo
138,LaDOSE Batou,SF4-solo
139,LaDOSE TKR,SF4-solo
140,MiShenron,SF4-solo
141,Mindan,SF4-solo
142,Hado iZno,SF4-solo
143,Nishi,SF4-solo
144,CubeEtoile9,SF4-solo
145,MD | Mr Baume,SF4-solo
146,Glarock,SF4-solo
147,Mister Crimson,SF4-solo
148,Morden,SF4-solo
149,PapyStan,SF4-solo
150,Bulbeuse,SF4-solo
151,FEUF LEE,SF4-solo
152,FRD,SF4-solo
153,SerahfMuiiin,SF4-solo
154,cinagalen,SF4-solo
155,LaG Nyphi7,SF4-solo
156,Chouette,SF4-solo
157,Ssion,SF4-solo
158,BobbyDoude,SF4-solo
159,Osu,SF4-solo
160,KAO Mogz,SF4-solo
161,FrDonn,SF4-solo
162,RaGe Seratna.,SF4-solo
163,LCZ II Runy,SF4-solo
164,RaGe Prim77,SF4-solo
165,RaGe CuisTo,SF4-solo
166,Bruce Willsmith,SF4-solo
167,Tchaku,SF4-solo
168,isman,SF4-solo
169,Steven Norris,SF4-solo
170,Volgus,SF4-solo
171,Uuuryyy,SF4-solo
172,Gilbert,SF4-solo
173,Erdogan,SF4-solo
174,superantione,SF4-solo
175,HANZO-974,SF4-solo
176,Risumu,SF4-solo
177,Zim,SF4-solo
178,Yayan,SF4-solo
179,GL.Sizzla,SF4-solo
180,Shneizel,SF4-solo
181,Sk8board,SF4-solo
182,1pochteur,SF4-solo
183,GL Abou,SF4-solo
184,PoneyZboubeur,SF4-solo
185,Nero,SF4-solo
186,LaDOSE SayaZian,SF4-solo
187,Eorkern,SF4-solo
188,Gwakoyarô,SF4-solo
189,Floryuken,SF4-solo
190,jagolewahar,SF4-solo
191,azerty35,SF4-solo
192,RiDe Syli',SF4-solo
193,Anikulapo,SF4-solo
194,Nayte,SF4-solo
195,V-Ryu,SF4-solo
196,FuR Florian,SF4-solo
197,SAC/Diego,SF4-solo
198,Sylfer,SF4-solo
199,Reflys,SF4-solo
200,LaDOSE Flo sama,SF4-solo
201,Seiko,SF4-solo
202,stryder,SF4-solo
203,Ultima,SF4-solo
204,LaG vol398,SF4-solo
205,Dry,SF4-solo
206,gicombat,SF4-solo
207,Mogwi,SF4-solo
208,VSFF Baki,SF4-solo
209,VSFF Doudou,SF4-solo
210,shento,SF4-solo
211,elgooki,SF4-solo
212,FoodySan,SF4-solo
213,Hitonaabz,SF4-solo
214,Delita,SF4-solo
215,Hades974,SF4-solo
216,SuperGerard,SF4-solo
217,astroboombo,SF4-solo
218,Dakaï,SF4-solo
219,Kitochan,SF4-solo
220,Cheminot,SF4-solo
221,Easyman,SF4-solo
222,Khazuya,SF4-solo
223,Fistouille,SF4-solo
224,AkuFab,SF4-solo
225,varik,SF4-solo
226,RiDe PA,SF4-solo
227,KFJ,SF4-solo
228,LLL Emersion,SF4-solo
229,LLL DoomDomainn,SF4-solo
230,LLL RSD MBR,SF4-solo
231,RSD Mikoe,SF4-solo
232,Khalzo,SF4-solo
233,YAHIKO,SF4-solo
234,Jims,SF4-solo
235,D44 Bas,SF4-solo
236,EG Momochi,SF4-solo
237,Haitani,SF4-solo
238,EG Justin Wong,SF4-solo
239,Faroneup,SF4-solo
240,Evoryu,SF4-solo
241,PlanetRV,2X-solo
242,yogaboy,2X-solo
243,pof,2X-solo
244,Masabe,2X-solo
245,Miawtthias,2X-solo
246,Clodo Magic,2X-solo
247,Holt,2X-solo
248,smoker sama,2X-solo
249,BOTELLA Quentin,2X-solo
250,jagolewahar,2X-solo
251,saimonax,2X-solo
252,Vlad Tepes,2X-solo
253,Chromium,2X-solo
254,6coups6mouches,2X-solo
255,DAV35,2X-solo
256,Daochen,2X-solo
257,Yamsha,2X-solo
258,Kouni,2X-solo
259,Vincere,2X-solo
260,gits23,2X-solo
261,zubrow,2X-solo
262,NiKoDinDon,2X-solo
263,ApolloGrooves,2X-solo
264,RiDe Syli',2X-solo
265,Heiwa,2X-solo
266,Dante Liquid,2X-solo
267,NTSC Abdess,2X-solo
268,Narok,2X-solo
269,Milanea,2X-solo
270,Ladrill,2X-solo
271,Ppito,2X-solo
272,Le skill en DLC,2X-solo
273,AoF dkenshiro68,2X-solo
274,CIB,2X-solo
275,FooBar,2X-solo
276,zarghatt,2X-solo
277,ISIMORN,2X-solo
278,Clownesk,2X-solo
279,EvilDindon,2X-solo
280,G-E2,2X-solo
281,FFC So13,2X-solo
282,Yamato,2X-solo
283,Onigiri,2X-solo
284,ultrayox,2X-solo
285,loopiz,2X-solo
286,Zagi,2X-solo
287,angel_killah,2X-solo
288,SEPTAH,2X-solo
289,Se77vy,2X-solo
290,MMK,2X-solo
291,Patricklang,2X-solo
292,1TLAU,2X-solo
293,Balcork,2X-solo
294,CHEUBOH,2X-solo
295,Taka,2X-solo
296,JBB,2X-solo
297,Twif.tv,2X-solo
298,Twixmaster,2X-solo
299,LLL RSD MBR,2X-solo
300,EG Justin Wong,2X-solo
301,Andres,2X-solo
302,Solinvictus,2X-solo
303,Larvozor,2X-solo
304,Wovou,2X-solo
305,Clodo Magic,2X-mirror
306,M.Propre,2X-mirror
307,InstantAirBifle-SAMA,2X-mirror
308,FRugANZy,2X-mirror
309,BOTELLA Quentin,2X-mirror
310,FFC So13,2X-mirror
311,NiKoDinDon,2X-mirror
312,angel_killah,2X-mirror
313,ISIMORN,2X-mirror
314,Milanea,2X-mirror
315,Wovou,2X-mirror
316,zarghatt,2X-mirror
317,yogaboy,2X-mirror
318,Le skill en DLC,2X-mirror
319,Zagi,2X-mirror
320,Larvozor,2X-mirror
321,smoker sama,2X-mirror
322,Twif.tv,2X-mirror
323,Se77vy,2X-mirror
324,Miawtthias,2X-mirror
325,Cyberdiablo,2X-mirror
326,SEPTAH,2X-mirror
327,MMK,2X-mirror
328,Yamato,2X-mirror
329,FooBar,2X-mirror
330,CHEUBOH,2X-mirror
331,Mutsui,2X-mirror
332,pof,2X-mirror
333,DAV35,2X-mirror
334,jagolewahar,2X-mirror
335,Balcork,2X-mirror
336,Holt,2X-mirror
337,stryder,2X-mirror
338,zubrow,2X-mirror
339,PlanetRV,2X-mirror
340,KonataXIII,2X-mirror
341,Andrés,2X-mirror
342,Solinvictus,2X-mirror
343,Jerem',TTT2
344,Dèm,TTT2
345,Alx,TTT2
346,thegrudge04,TTT2
347,KimLong,TTT2
348,Triademan,TTT2
349,Schopposs,TTT2
350,KFR Moon,TTT2
351,Monsieur V,TTT2
352,zgladiator,TTT2
353,GODinaPOCKET,TTT2
354,lordDVD,TTT2
355,Ojin,TTT2
356,Shojin,TTT2
357,Garrison,TTT2
358,Kuroro,TTT2
359,Daoud,TTT2
360,Ryan Hart,TTT2
361,SSDG Ricky,TTT2
362,Hubert2Leo6,TTT2
363,Yovan,TTT2
364,didigoku,TTT2
365,rebaru,TTT2
366,tom-chan,TTT2
367,PeachyPeach,TTT2
368,kuroro,TTT2
369,MaX,TTT2
370,RASOLO Eric 1,TTT2
371,RASOLO Eric 2,TTT2
372,RASOLO Eric 3,TTT2
373,JayceeChris,TTT2
374,Desolation,TTT2
375,Coyo,TTT2
376,NTSC Abdess,Breakers
377,NTSC Kenshiro,Breakers
378,InstantAirBifle-SAMA,Breakers
379,RnK Werrio,Breakers
380,OzL,Breakers
381,Catapulte,Breakers
382,Chymer,Breakers
383,Balier,Breakers
384,LOC 9.7.2,Breakers
385,SBR_Mikku,Breakers
386,GitanVNR,Breakers
387,Skyzzz,Breakers
388,Evil Tom Cruise,Breakers
389,Milanea,Breakers
390,Ladrill,Breakers
391,gits23,Breakers
392,Bobby,Breakers
393,Arq,Breakers
394,Seedbarrett,Breakers
395,Larvozor,Breakers
396,AoF dkenshiro68,Breakers
397,L,Breakers
398,Blackoune,Breakers
399,Miawtthias,Breakers
400,mG Michi,Breakers
401,MMK,Breakers
402,Yamato,Breakers
403,Nishi,Breakers
404,CHEUBOH,Breakers
405,Mutsui,Breakers
406,NICOLAS Gwennaël,Breakers
407,JosS,Breakers
408,Instinct,Breakers
409,ekito,Breakers
410,SA|tyc,Breakers
411,KonataXIII,Breakers
412,M.Propre,Cvs2-apo
413,InstantAirBifle-SAMA,Cvs2-apo
414,ISIMORN,Cvs2-apo
415,Skyzzz,Cvs2-apo
416,NAM,Cvs2-apo
417,lordDVD,Cvs2-apo
418,Zenfire,Cvs2-apo
419,AH2R/LADOSE Toïshiro,Cvs2-apo
420,FooBar,Cvs2-apo
421,Ultima,Cvs2-apo
422,Jims,Cvs2-apo
423,Waldo,Cvs2-apo
424,Zouzou,Cvs2-apo
425,EG Justin Wong,Cvs2-apo
426,D44 Bas,Cvs2-apo
427,Daochen,UMvC3
428,DELMOTTE Johan,UMvC3
429,Skyzzz,UMvC3
430,Mike,UMvC3
431,SethGravijah,UMvC3
432,salad,UMvC3
433,Zenfire,UMvC3
434,GxC Rikki,UMvC3
435,yolsgens,UMvC3
436,RaGe Isoudw,UMvC3
437,Ssion,UMvC3
438,BobbyDoude,UMvC3
439,Bruce Willsmith,UMvC3
440,Vincere,UMvC3
441,1upmiles,UMvC3
442,Ptitlee,UMvC3
443,Seiko,UMvC3
444,Ultima,UMvC3
445,Bob_Razowsky,UMvC3
446,Shake The Womb,UMvC3
447,DN nindo,UMvC3
448,Kei,UMvC3
449,SA|tyc,UMvC3
450,Tikivik,UMvC3
451,CDV.Whiteblack,UMvC3
452,LLL Doomdomainn,UMvC3
453,Dieminion,UMvC3
454,EG Justin Wong,UMvC3
455,EG Momochi,UMvC3
456,SBR|Poyo,BBCP
457,Beat By 38 Yutta,BBCP
458,Chap,BBCP
459,Shion,BBCP
460,Hynkel,BBCP
461,Arq,BBCP
462,Shima,BBCP
463,Thefullm3tal,BBCP
464,Aot,BBCP
465,Skenn,BBCP
466,DragonLordZ,BBCP
467,Bruce Willsmith,BBCP
468,Arkillo,BBCP
469,Yurek,BBCP
470,Jackal,BBCP
471,SA|tyc,BBCP
472,Khazuya,BBCP
473,Sannos,BBCP
474,Jo Cash,SC5
475,DKO Nagromm,SC5
476,GOLD Gryd,SC5
477,Suintance,SC5
478,Mike,SC5
479,FAIVRE Gregory,SC5
480,LaDoseDouble-U,SC5
481,novaXire,SC5
482,Bachou,SC5
483,GOLD Rock,SC5
484,Hadora,SC5
485,Osi,SC5
486,Malek,SC5
487,Foxy-Lady,SC5
488,Thiry,SC5
489,Lifes,SC5
490,El MoZo,SC5
491,GOLD izno,SC5
492,KintySwood,SC5
493,Ronan7780,SC5
494,Zou,SC5
495,M.Propre,3.3-tier
496,NTSC Kenshiro,3.3-tier
497,Indy,3.3-tier
498,BALUNGIDI Marvin,3.3-tier
499,ultrayox,3.3-tier
500,Neo Arcadia Mr Joker,3.3-tier
501,Ninjardin,3.3-tier
502,Mymoza,3.3-tier
503,ISIMORN,3.3-tier
504,Petit Pêcheur,3.3-tier
505,GitanVNR,3.3-tier
506,Tmdjc,3.3-tier
507,loopiz,3.3-tier
508,Heiwa ,3.3-tier
509,AoF dkenshiro68,3.3-tier
510,Dante Liquid,3.3-tier
511,Victor,3.3-tier
512,JasonX,3.3-tier
513,Blackoune,3.3-tier
514,Grenadier,3.3-tier
515,GxC Shield,3.3-tier
516,Cyberdiablo,3.3-tier
517,Yamato,3.3-tier
518,FooBar,3.3-tier
519,Coccis,3.3-tier
520,Bruce Willsmith,3.3-tier
521,Arkillo,3.3-tier
522,Charlie Chan,3.3-tier
523,Tomjhin,3.3-tier
524,Nighty,3.3-tier
525,Ptitlee,3.3-tier
526,stryder,3.3-tier
527,Ultima,3.3-tier
528,Otana,3.3-tier
529,Jay,3.3-tier
530,Khazuya,3.3-tier
531,Livid,3.3-tier
532,Jims,3.3-tier
533,InstantAirBifle-SAMA,Stuntacus
534,BeatBy38 | Ako,Stuntacus
535,Cyberdiablo,Stuntacus
536,"Ptitlee
",Stuntacus
537,Khazuya,Stuntacus
538,Jims,Stuntacus
539,EG Justin Wong,Stuntacus
540,Zouzou,Stuntacus
541,Waldo,Stuntacus
542,Oro,Stuntacus
543,NTSC Kenshiro,Jojo
544,Ririkun,Jojo
545,SPC Despra,Jojo
546,Vlenk,Jojo
547,dany bruyant.,Jojo
548,Seiko,Jojo
549,NTSC Abdess,Kof13-solo
550,ultrayox,Kof13-solo
551,FRugANZy,Kof13-solo
552,BeatBy38 | Ako,Kof13-solo
553,Shaman,Kof13-solo
554,Vice,Kof13-solo
555,Ninjardin,Kof13-solo
556,TSS Atma,Kof13-solo
557,SBR|Poyo,Kof13-solo
558,Balier,Kof13-solo
559,SBR_Mikku,Kof13-solo
560,MrLotuz,Kof13-solo
561,CDV.MCZ.Will2Pac,Kof13-solo
562,NAM,Kof13-solo
563,NWA54,Kof13-solo
564,Bobby,Kof13-solo
565,AoF dkenshiro68,Kof13-solo
566,ecamil,Kof13-solo
567,Raox,Kof13-solo
568,Le café divin,Kof13-solo
569,Ryan Hart,Kof13-solo
570,MM Pharaon,Kof13-solo
571,MD - Luffy,Kof13-solo
572,Kyosuke_974,Kof13-solo
573,Tikok,Kof13-solo
574,Duf_Duf,Kof13-solo
575,Shoosh,Kof13-solo
576,salad,Kof13-solo
577,Tof des bois,Kof13-solo
578,SSDG Sanka,Kof13-solo
579,SSDG Karnage,Kof13-solo
580,SSDG Wez,Kof13-solo
581,Mon Général,Kof13-solo
582,Grenadier,Kof13-solo
583,Natchooo,Kof13-solo
584,GxC Shield,Kof13-solo
585,Mike,Kof13-solo
586,Hado iZno,Kof13-solo
587,SS Reds,Kof13-solo
588,SS Kilam,Kof13-solo
589,SS Queute,Kof13-solo
590,SS Davids,Kof13-solo
591,LJ,Kof13-solo
592,ticostaud,Kof13-solo
593,HANZO-974,Kof13-solo
594,JOHKER,Kof13-solo
595,Wigna,Kof13-solo
596,Gizmo,Kof13-solo
597,LaDOSE SayaZian,Kof13-solo
598,MrK,Kof13-solo
599,JosS,Kof13-solo
600,Kmeru78,Kof13-solo
601,Hades974,Kof13-solo
602,THIAW-PO-UNE Vincent 1,Kof13-solo
603,THIAW-PO-UNE Vincent 2,Kof13-solo
604,LUIS CHARASSE AU CHIVAS,Kof13-solo
605,Sushi,Kof13-solo
606,CDV | Shuroan,Kof13-solo
607,MM Hokuto-Youssef,Kof13-solo
608,MM Tahar,Kof13-solo
609,MM SalimLeVautour,Kof13-solo
610,MM Jerome,Kof13-solo
611,Luis Cha ,Kof13-solo
612,CDV Steeve,Kof13-solo
613,Aprécher,3.3-team
614,Team Tougequiche,3.3-team
615,Juges de Ville,3.3-team
616,59 womens,3.3-team
617,Les Magiciens dosent,3.3-team
618,Red Parry Panda,3.3-team
619,Hachimaki Seishin,3.3-team
620,Oro Fan Club,3.3-team
621,Parry May Cry,3.3-team
622,Martine fait des combos,3.3-team
623,Cyberdiablo,3.3-team
624,"Team Bat Pateman, Nyöw",3.3-team
625,Yamete Phimosis-Kun!,3.3-team
626,MassTeam,3.3-team
627,nostradapif,3.3-team
628,Caresse ma trique!,3.3-team
629,TEAM JONG IL,3.3-team
630,Chugoken,3.3-team
631,Team Justin Wong,3.3-team
632,FOUTRAX 2014,3.3-team
633,Team Onigiri,2X-team
634,Team Tougequiche,2X-team
635,BOTELLA Quentin,2X-team
636,Rhône X Saarland,2X-team
637,La Colère Rose (LCR),2X-team
638,COTOREPPA,2X-team
639,Quand même !,2X-team
640,les hiboux,2X-team
641,NTSC Roxor 54,2X-team
642,Chacha,2X-team
643,TEAM SACHET,2X-team
644,Full Sanwa,2X-team
645,Team Yamato,2X-team
646,NICOLAS Gwennaël,2X-team
647,3 Hit Combo,2X-team
648,New generation,2X-team
649,Les revers sales,2X-team
650,Team Justin Wong,2X-team
651,H&M,Kof-all-stars
652,Will2Kof,Kof-all-stars
653,Saut Vide Ultra,Kof-all-stars
654,Team GHEDDAR Fares,Kof-all-stars
655,Bwabankawa,Kof-all-stars
656,Team MER MORTE,Kof-all-stars
657,fighter974,Kof-all-stars
658,Aprécher,Cvs2-team
659,Forever Young,Cvs2-team
660,Team Bernard Tapie,Cvs2-team
661,SWGA Rive Droite,Cvs2-team
662,Quand même !,Cvs2-team
663,Team HondaRatio4,Cvs2-team
664,team jayfire,Cvs2-team
665,les fossiles à faucille,Cvs2-team
666,Flex,Cvs2-team
667,PAYET Nikolas,Cvs2-team
668,Les cousins,Cvs2-team
669,Ultima Wong,Cvs2-team
670,EJ L3,Cvs2-team
671,Waldo/Zouzou,Cvs2-team
672,Yamsha/Daru,Cvs2-team
673,GxC Omega,SF4-team
674,Aucune Idée,SF4-team
675,caresses antillaises,SF4-team
676,Je me nourris de ce gwak,SF4-team
677,Team Procto Saikyo,SF4-team
678,Team Savoureuse,SF4-team
679,Malé / Ken Bogard,SF4-team
680,Les sacs a merde,SF4-team
681,Julien Chièze Forever,SF4-team
682,MaD X GxC,SF4-team
683,ETN,SF4-team
684,CERNEAUX Christophe,SF4-team
685,KatrinaFR,SF4-team
686,Madafaka,SF4-team
687,team Tabarnac,SF4-team
688,Hentai Team,SF4-team
689,Team Taunter,SF4-team
690,K7,SF4-team
691,GHEDDAR Fares,SF4-team
692,Fox Die,SF4-team
693,Fureur Gagapa/Valmaster,SF4-team
694,Fureur Saunic/Adone,SF4-team
695,Concombre Amer,SF4-team
696,Team ApolloGrooves,SF4-team
697,EDYA,SF4-team
698,CULBLANC-FRD,SF4-team
699,Me love you long time,SF4-team
700,Ali et baba,SF4-team
701,Team Soscratch-Shento,SF4-team
702,piyoko,SF4-team
703,FADC,SF4-team
704,Team Yamato,SF4-team
705,"Team LaDOSE Batou , LaDOSE TKR",SF4-team
706,Team Baland,SF4-team
707,Team Mister Crimson,SF4-team
708,RaGe Me,SF4-team
709,Team SerahfMuiiin,SF4-team
710,Slip Courtois,SF4-team
711,TESO,SF4-team
712,RaGe Seratna-RaGe Solidjin,SF4-team
713,RaGe LowTiers,SF4-team
714,8 ball,SF4-team
715,Team Yayan-Kenshiro,SF4-team
716,RaGe Quit,SF4-team
717,poche ou pas poche,SF4-team
718,LADOSE 38,SF4-team
719,Alea Jacta Stun,SF4-team
720,Star Platinum,SF4-team
721,LaDOOOSE,SF4-team
722,Blok42,SF4-team
723,LaG vol398 / Cheminot,SF4-team
724,VSFF,SF4-team
725,Street974,SF4-team
726,Bernard,SF4-team
727,Chocolat Suisse,SF4-team
728,varik & PoneyZboubeur,SF4-team
729,Nero & JohnnyZizou,SF4-team
730,Team Chinoir,SF4-team
731,Bas / Ryan Hart,SF4-team
732,Team EG,SF4-team
733,Zouzou&Merwan,SF4-team
734,Luffy/Dieminion,SF4-team
735,Lorddvd/V-Ryu,SF4-team
736,Team PFC,SF4-team